note, length, volume
0, 0.1624913215637207, 108
51, 0.1394197940826416, 115
52, 1.1146049499511719, 115
54, 0.6036500930786133, 118
56, 0.9289181232452393, 118
55, 0.2322371006011963, 118
56, 0.5573270320892334, 85
0, 0.46431493759155273, 62
50, 0.8823223114013672, 114
51, 0.5572328567504883, 115
50, 0.13937902450561523, 113
46, 0.3251960277557373, 113
47, 0.37155675888061523, 114
52, 1.3002779483795166, 106
0, 0.6966357231140137, 95
54, 0.8358697891235352, 118
56, 1.2075300216674805, 117
57, 0.9287722110748291, 117
61, 1.2539498805999756, 116
59, 0.6501500606536865, 81
0, 0.3251311779022217, 86
55, 0.8823719024658203, 118
56, 0.09288597106933594, 118
54, 1.393280029296875, 107
0, 0.9287819862365723, 81
51, 0.32518863677978516, 117
52, 1.1608331203460693, 116
51, 1.904289960861206, 115
52, 1.2073280811309814, 96
